name,local_address,principle_address,type,secstaff_reg_url,latitude,longitude,isPenalty,year,Multiplier,assetsPrevMillion,assetsMillion,liabilitiesPrevMillion,liabilitiesMillion,establishmentYear,incomePrevMillion,incomeMillion,expensesPrevMillion,expensesMillion,adj_assetsPrevMillion,adj_assetsMillion,adj_liabilitiesPrevMillion,adj_liabilitiesMillion,adj_incomePrevMillion,adj_incomeMillion,adj_expensesPrevMillion,adj_expensesMillion,prev_percent_asset_capital,percent_asset_capital,assetsPrecentChange,liabilitiesPrecentChange,incomePercentChange,expensesPercentChange,profitPercentChange
EFG BANK AG,"LEVEL 18, INTERNATIONAL COMMERCE CENTRE, 1 AUSTIN ROAD WEST, KOWLOON.","BLEICHERWEG 8, 8001 ZURICH, SWITZERLAND.",Licensed Bank,http://apps.hkma.gov.hk/eng/index.php?c=search&m=search_by_institution&ri=100254,22.3052462,114.161409,1,2023,8.84,43.5,38.6,41.8,36.8,1995,1270,1430.7,975,1057.9,384.54,341.224,369.512,325.312,11226.8,12647.388,8619,9351.836,0.03908046,0.046632124,-0.112643678,-0.119617225,0.126535433,0.085025641,0.263728814
BANC OF AMERICA SECURITIES ASIA LIMITED,"52/F, CHEUNG KONG CENTER, 2 QUEEN'S ROAD CENTRAL, CENTRAL, HONG KONG.",,Restricted Licence Bank,http://apps.hkma.gov.hk/eng/index.php?c=search&m=search_by_institution&ri=200017,22.2797946,114.160542,0,2023,0.128205128,3367.646,89.073,2795.552,13.1,1973,26.631,53.879,48.397,118.941,431.7494865,11.41961537,358.404102,1.679487177,3.414230764,6.907564092,6.20474358,15.24884613,0.169879494,0.85292962,-0.973550367,-0.995313985,1.023168488,1.457611009,1.989157402
AIRSTAR BANK LIMITED,"SUITES 3201-07, 32/F, TOWER 5, THE GATEWAY, HARBOUR CITY, TSIM SHA TSUI, KOWLOON",,Licensed Bank,http://apps.hkma.gov.hk/eng/index.php?c=search&m=search_by_institution&ri=100329,22.297994,114.167979,0,2023,1,2660.446,2325.593,1902.2,1768.056,2019,64.884,44.843,230.002,239.352,2660.446,2325.593,1902.2,1768.056,64.884,44.843,230.002,239.352,0.2850071,0.239739714,-0.125863483,-0.07052045,-0.308874299,0.04065182,0.177999976
WELAB BANK LIMITED,"23/F, K11 ATELIER KING'S ROAD, 728 KING'S ROAD, QUARRY BAY, HONG KONG",,Licensed Bank,http://apps.hkma.gov.hk/eng/index.php?c=search&m=search_by_institution&ri=100328,22.2917075,114.207509,0,2023,1,2688.928,3763.565,2186.795,3304.338,2018,44,66,465,332,2688.928,3763.565,2186.795,3304.338,44,66,465,332,0.186740961,0.122019149,0.399652575,0.511041501,0.5,-0.286021505,-0.368171021
WOORI GLOBAL MARKETS ASIA LIMITED,"ROOMS 1907-1909, 19/F, GLOUCESTER TOWER, THE LANDMARK, 15 QUEEN'S ROAD CENTRAL, HONG KONG.",,Deposit-taking Company,http://apps.hkma.gov.hk/eng/index.php?c=search&m=search_by_institution&ri=300505,22.2805427,114.157903,0,2023,7.8,432.20192,508.603073,316.354174,384.049681,2006,3.348235,6.698869,0.376109,0.23186,3371.174976,3967.103969,2467.562557,2995.587512,26.116233,52.2511782,2.9336502,1.808508,0.268040794,0.244893117,0.176771896,0.213986451,1.000716497,-0.383529775,1.175886554
"E.SUN COMMERCIAL BANK, LTD.","SUITES 2701, 2710-14, 27/F AND 28/F, TOWER 6, THE GATEWAY, 9 CANTON ROAD, TSIMSHATSUI, KOWLOON.","NO. 117, SEC.3, MINSHENG E. ROAD, SONGSHAN DISTRICT, TAIPEI CITY 105-46, TAIWAN",Licensed Bank,http://apps.hkma.gov.hk/eng/index.php?c=search&m=search_by_institution&ri=100264,22.2970075,114.168125,0,2022,0.0000078,"759,866,538","889,053,568","644,528,519","756,108,644",1992,"39,946,747","40,606,451",26465225,23829055,5926.958996,6934.61783,5027.322448,5897.647423,311.5846266,316.7303178,206.428755,185.866629,0.151787206,0.149535336,0.17001279,0.173118988,0.016514586,-0.099608826,0.244473436
BANK OF CHINA INTERNATIONAL LIMITED,"2/F & 3/F, BANK OF CHINA BUILDING, 2A DES VOEUX ROAD CENTRAL, HONG KONG",,Restricted Licence Bank,http://apps.hkma.gov.hk/eng/index.php?c=search&m=search_by_institution&ri=200069,22.2802538,114.160114,0,2023,1,6405.275,6216.206,4612.003,4417.882,2009,506.316,569.7,264.301,351.1,6405.275,6216.206,4612.003,4417.882,506.316,569.7,264.301,351.1,0.279967995,0.289296075,-0.029517702,-0.042090389,0.125186642,0.328409654,-0.096750201
DEUTSCHE BANK AKTIENGESELLSCHAFT,"60/F, INTERNATIONAL COMMERCE CENTRE, 1 AUSTIN ROAD WEST, KOWLOON.","TAUNUSANLAGE 12, 60325 FRANKFURT, FEDERAL REPUBLIC OF GERMANY.",Licensed Bank,http://apps.hkma.gov.hk/eng/index.php?c=search&m=search_by_institution&ri=100085,22.3036605,114.160129,0,2023,8.48,1337,1312,318,283,1870,27.2,28.9,19.9,20.6,11337.76,11125.76,2696.64,2399.84,230.656,245.072,168.752,174.688,0.762154076,0.78429878,-0.018698579,-0.110062893,0.0625,0.035175879,0.136986301
ZA BANK LIMITED,"UNIT 1301, LEVEL 13, IT STREET, CYBERPORT 3, 100 CYBERPORT ROAD, HONG KONG",,Licensed Bank,http://apps.hkma.gov.hk/eng/index.php?c=search&m=search_by_institution&ri=100325,22.2607776,114.130003,0,2023,1,11607.998,13030.228,11607.998,10979.394,2020,34.262,389.456,442020,589.366,11607.998,13030.228,11607.998,10979.394,34.262,389.456,442020,589.366,0,0.157390492,0.122521558,-0.054152663,10.36699551,-0.998666653,-0.9995477
"CATHAY UNITED BANK COMPANY, LIMITED","10/F, LEE GARDEN THREE, 1 SUNNING ROAD, CAUSEWAY BAY, HONG KONG","1/F, NO. 7, SONGREN ROAD, TAIPEI CITY 110, TAIWAN.",Licensed Bank,http://apps.hkma.gov.hk/eng/index.php?c=search&m=search_by_institution&ri=100252,22.2783829,114.18522,1,2022,0.001,25061675,33246348,24966703,33547692,1975,14552.26,16945.62,7590.19,8580.15,25061.675,33246.348,24966.703,33547.692,14.55226,16.94562,7.59019,8.58015,0.003789531,-0.009063973,0.326581244,0.343697324,0.16446655,0.130426248,0.201577979
"Westpac Banking Corporation, Hong Kong Branch",,,,,22.28299,114.15846,1,2023,1,33899.647,26808.388,33899.647,26808.388,2020,100.208,61.734,95.073,75132,33899.647,26808.388,33899.647,26808.388,100.208,61.734,95.073,75132,0,0,-0.20918386,-0.20918386,-0.383941402,789.2559086,-14620.33126
"CTBC Bank Co., Ltd., Hong Kong Branch",,,,,22.2853762,114.1590347,1,2021,1,98756.612,103436.763,98756.612,103436.763,1997,1450.444,1750.073,510.436,583.87,98756.612,103436.763,98756.612,103436.763,1450.444,1750.073,510.436,583.87,0,0,0.047390761,0.047390761,0.206577434,0.143865245,0.240630931
FUBON BANK (HONG KONG) LIMITED,"FUBON BANK BUILDING, 38 DES VOEUX ROAD CENTRAL, HONG KONG.",,Licensed Bank,http://apps.hkma.gov.hk/eng/index.php?c=search&m=search_by_institution&ri=100138,22.283263,114.156714,0,2023,0.001,129598400,140981616,114346416,125016000,1961,5147117,8922145,2610598,5511876,129598.4,140981.616,114346.416,125016,5147.117,8922.145,2610.598,5511.876,0.117686515,0.113246085,0.087834541,0.0933093,0.733425722,1.111346136,0.344468147
CA INDOSUEZ (SWITZERLAND) SA,"SUITE 2918, 29/F, TWO PACIFIC PLACE, 88 QUEENSWAY, HONG KONG.","4, QUAI G-N-RAL-GUISAN, 1204 GENEVA, SWITZERLAND.",Licensed Bank,http://apps.hkma.gov.hk/eng/index.php?c=search&m=search_by_institution&ri=100303,22.2774092,114.164408,1,2022,8.84,"18,275","16,789","18,275","16,789",1975,351.9,380.6,291,299.8,161551,148414.76,161551,148414.76,3110.796,3364.504,2572.44,2650.232,0,0,-0.081313269,-0.081313269,0.081557261,0.03024055,0.326765189
J.P. MORGAN SECURITIES (ASIA PACIFIC) LIMITED,"18/F & 23-29/F, CHATER HOUSE, 8 CONNAUGHT ROAD CENTRAL, HONG KONG",,Restricted Licence Bank,http://apps.hkma.gov.hk/eng/index.php?c=search&m=search_by_institution&ri=200033,22.282321,114.158688,0,2023,0.078091,2131047,2240025,695537,636309,1971,553325,530848,472833,435387,166415.5913,174925.7923,54315.17987,49690.00612,43209.70258,41454.45117,36924.0018,33999.80622,0.673617241,0.715936652,0.051138243,-0.085154348,-0.040621696,-0.07919498,0.18596879
AUSTRALIA AND NEW ZEALAND BANKING GROUP LIMITED,"20/F-22/F, THREE EXCHANGE SQUARE, 8 CONNAUGHT PLACE, CENTRAL, HONG KONG.","100 QUEEN STREET, MELBOURNE, VICTORIA 3000, AUSTRALIA.",Licensed Bank,http://apps.hkma.gov.hk/eng/index.php?c=search&m=search_by_institution&ri=100164,22.2847046,114.1574,0,2023,0.2,1085600,1106000,66.4,69.1,1835,7120,7193,21273,46560,217120,221200,13.28,13.82,1424,1438.6,4254.6,9312,0.999938836,0.999937523,0.018791452,0.040662651,0.010252809,1.188689889,1.781530418
BANK OF SINGAPORE LIMITED,"34/F & 35/F, ONE INTERNATIONAL FINANCE CENTRE, 1 HARBOUR VIEW STREET, CENTRAL, HONG KONG.","63 CHULIA STREET, #10-00 OCBC CENTRE EAST, SINGAPORE (049514)",Licensed Bank,http://apps.hkma.gov.hk/eng/index.php?c=search&m=search_by_institution&ri=100290,22.2849386,114.158046,0,2022,0.0078,"35,526,469","39,007,493","33,501,237","37,036,409",1966,"966,870","939,526","590,069","606,818",277106.4582,304258.4454,261309.6486,288883.9902,7541.586,7328.3028,4602.5382,4733.1804,0.057006285,0.050530907,0.097983957,0.105523626,-0.028280948,0.028384816,-0.117019329
"Coutts & Co AG, Hong Kong Branch",,,,,22.2831,114.15918,1,2017,10.04,38446,46915,36990,45394,2015,634,658,399,461,385997.84,471026.6,371379.6,455755.76,6365.36,6606.32,4005.96,4628.44,0.0378713,0.032420335,0.220282994,0.22719654,0.03785489,0.155388471,-0.161702128
BANK J. SAFRA SARASIN AG,"40/F, EDINBURGH TOWER, THE LANDMARK, 15 QUEEN'S ROAD CENTRAL, HONG KONG.","ELISABETHENSTRASSE 62, POSTFACH, CH-4002 BASEL, SWITZERLAND.",Licensed Bank,http://apps.hkma.gov.hk/eng/index.php?c=search&m=search_by_institution&ri=100297,22.280775,114.157917,0,2023,8.8343459,45620.342,42487.705,39432.472,36730.471,1841,1441.497,1735.908,753.222,801.972,403025.8813,375351.0825,348360.0973,324489.6859,12734.68311,15335.61172,6654.223687,7084.89805,0.135638396,0.13550353,-0.068667547,-0.068522232,0.204239759,0.064721955,0.356922742
"YUANTA COMMERCIAL BANK CO., LTD","ROOM 2508, 25/F, TOWER 1, ADMIRALTY CENTRE, NO. 18 HARCOURT ROAD, HONG KONG","1F-10F, NO. 66 & 1F, 2F, 2F-1, 7F, 9F, NO. 68, SEC. 1, DUNHUA SOUTH ROAD, TAIPEI CITY 105, TAIWAN",Licensed Bank,,22.2795856,114.165151,0,2023,0.24,1728469.063,1847328.894,1616589.106,1720509.564,1992,20750.473,23654.941,12093.01,16366.553,414832.5751,443358.9346,387981.3854,412922.2954,4980.11352,5677.18584,2902.3224,3927.97272,0.064727775,0.068650109,0.068765958,0.06428378,0.139971171,0.35338952,-0.158138129
CHINA CONSTRUCTION BANK (ASIA) CORPORATION LIMITED,"28/F, CCB TOWER, NO. 3 CONNAUGHT ROAD CENTRAL, CENTRAL, HONG KONG.",,Licensed Bank,http://apps.hkma.gov.hk/eng/index.php?c=search&m=search_by_institution&ri=100015,22.2814979,114.161474,1,2021,0.001,474505438,497290217,397180873,417551135,1912,18517639,15258277,8228603,5415722,474505.438,497290.217,397180.873,417551.135,18517.639,15258.277,8228.603,5415.722,0.162958227,0.160347176,0.048017951,0.051287117,-0.176013908,-0.341841866,-0.043393861
DBS BANK (HONG KONG) LIMITED,"11TH FLOOR, THE CENTER, 99 QUEEN'S ROAD CENTRAL, HONG KONG.",,Licensed Bank,http://apps.hkma.gov.hk/eng/index.php?c=search&m=search_by_institution&ri=100034,22.2847401,114.154679,1,2024,1,475875,467621,432432,420893,1968,10763,10585,3881,4115,475875,467621,432432,420893,10763,10585,3881,4115,0.09129078,0.099927078,-0.017344891,-0.026683964,-0.01653814,0.060293739,-0.059866318
"YAMAGUCHI BANK, LTD. (THE)","ROOM 403, 4/F FAR EAST FINANCE CENTRE, 16 HARCOURT ROAD, CENTRAL, HONG KONG","2-36, 4-CHOME, TAKEZAKI-CHO, SHIMONOSEKI JAPAN.",Local Representative Office,,22.2800624,114.164022,0,2023,0.05,11993722,12182663,11312583,11546331,1878,18505,156292,148710,161795,599686.1,609133.15,565629.15,577316.55,925.25,7814.6,7435.5,8089.75,0.056791295,0.052232587,0.015753325,0.020662655,7.445933531,0.087990048,-0.957735878
BANK JULIUS BAER & CO. LTD.,"39/F, ONE INTERNATIONAL FINANCE CENTRE, 1 HARBOUR VIEW STREET, CENTRAL, HONG KONG.","BAHNHOFSTRASSE 36, CH-8010 ZURICH, SWITZERLAND.",Licensed Bank,http://apps.hkma.gov.hk/eng/index.php?c=search&m=search_by_institution&ri=100301,22.2850432,114.156919,0,2023,8.8343459,105643.7,"96,786.30",99354,"90,623.10",1890,3853.3,3239.6,2904.2,2786.1,933292.988,855043.6526,877727.6025,800595.8119,34041.38506,28619.74698,25656.70736,24613.37111,0.059536915,0.063678434,-0.083842198,-0.087876683,-0.159266084,-0.040665243,-0.522178906
SHINKIN CENTRAL BANK,"SUITE 4008, 40/F, CENTRAL PLAZA, 18 HARBOUR ROAD, WANCHAI, HONG KONG.","3-7, YAESU 1 CHOME, CHUO-KU, TOKYO 103-0028, JAPAN.",Local Representative Office,,22.2799097,114.173739,0,2022,7.8,394382,357586,379106,344849,1950,2053,1765,1693,1399,3076179.6,2789170.8,2957026.8,2689822.2,16013.4,13767,13205.4,10912.2,0.038734019,0.035619403,-0.093300404,-0.09036259,-0.140282513,-0.173656232,0.016666667
BANK OF CHINA (HONG KONG) LIMITED,"14TH FLOOR, BANK OF CHINA TOWER, NO.1 GARDEN ROAD, HONG KONG.",,Licensed Bank,http://apps.hkma.gov.hk/eng/index.php?c=search&m=search_by_institution&ri=100072,22.2795425,114.161493,0,2023,1,3666505,3868783,3340670,3545354,2001,54215,65498,96921,44647,3666505,3868783,3340670,3545354,54215,65498,96921,44647,0.088868009,0.083599675,0.05516916,0.061270344,0.208115835,-0.539346478,-1.488245211
"BANK OF BEIJING CO., LTD.","UNIT 5601, 56/F, THE CENTER, NO. 99 QUEEN'S ROAD CENTRAL, HONG KONG","GROUND FLOOR, JIA NO.17, FINANCIAL STREET, XICHENG DISTRICT, BEIJING, PRC.",Local Representative Office,,22.2845991,114.15474,0,2023,1.103509159,3387952,3748679,3077335,3420447,1996,66276,66711,39332,38599,3738636.062,4136701.611,3395867.358,3774494.592,73136.17302,73616.19951,43403.22224,42594.35003,0.091682822,0.087559378,0.106473469,0.111496473,0.006563462,-0.018636225,0.043349169
SHINHAN BANK,"UNIT 7703 ON LEVEL 77, INTERNATIONAL COMMERCE CENTRE, 1 AUSTIN ROAD WEST, KOWLOON.","120, 2GA, TAEPYUNG-RO, JUNG-GU, SEOUL 100-102, KOREA.",Licensed Bank,http://apps.hkma.gov.hk/eng/index.php?c=search&m=search_by_institution&ri=100293,22.3048411,114.160362,0,2023,0.0056,"691,795,333","691,795,333","611,009,672","635,473,468",1982,"5,905,564","6,100,850","1,150,050","1,345,336",3874053.865,3874053.865,3421654.163,3558651.421,33071.1584,34164.76,6440.28,7533.8816,0.116776823,0.081414057,0,0.040038312,0.033068137,0.16980653,0
"HUA XIA BANK CO., LIMITED","18/F, TWO INTERNATIONAL FINANCE CENTRE, 8 FINANCE STREET, CENTRAL, HONG KONG","HUA XIA BANK MANSION, 22 JIANGUOMENNEI STREET, DONGCHENG DISTRICT, BEIJING, P.R. CHINA",Licensed Bank,http://apps.hkma.gov.hk/eng/index.php?c=search&m=search_by_institution&ri=100334,22.2854814,114.159311,0,2023,1.08,3676287,3900167,2213529,"2,272,973",1982,"95,870","93,808","62,175","62,270",3970389.96,4212180.36,2390611.32,2454810.84,103539.6,101312.64,67149,67251.6,0.397890045,0.417211366,0.060898401,0.026854855,-0.021508292,0.001527945,-0.064015433
"Commerzbank AG, Hong Kong Branch",,,,,22.32014,114.16405,1,2022,8.48264,477428,517166,446494,484156,1979,61162,37701,57759,35696,4049849.85,4386932.998,3787447.864,4106921.052,518815.2277,319804.0106,489948.8038,302796.3174,0.064793016,0.063828635,0.083233493,0.084350518,-0.383587849,-0.38198376,-0.410813987
STATE BANK OF INDIA,"15TH FLOOR, CENTRAL TOWER, 28 QUEEN'S ROAD CENTRAL, HONG KONG.","NARIMAN POINT, BOMBAY 400 021, INDIA.",Licensed Bank,,22.2820323,114.156842,1,2015,0.093,55169785.27,61796939.45,54277324,60904483,1955,46681281.92,36871865.78,31848620.42,40573619.9,5130790.03,5747115.369,5047791.132,5664116.919,4341359.219,3429083.518,2961921.699,3773346.651,0.016176631,0.014441758,0.120122892,0.122098116,-0.210135963,0.273952195,-1.249567761
"PING AN BANK CO., LTD.","38/F & 42/F, ONE EXCHANGE SQUARE, 8 CONNAUGHT PLACE, CENTRAL, HONG KONG","SOUTH TOWER, PING AN FINANCIAL CENTER, 5023 YITIAN ROAD, FUTIAN DISTRICT, SHENZHEN, CHINA",Licensed Bank,http://apps.hkma.gov.hk/eng/index.php?c=search&m=search_by_institution&ri=100333,22.2838178,114.158248,0,2023,1.08,"5,321,514","5,587,116",5302108,5567710,1988,179895,164699,122420,106771,5747235.12,6034085.28,5726276.64,6013126.8,194286.6,177874.92,132213.6,115312.68,0.003646707,0.003473348,0.049910984,0.050093661,-0.084471497,-0.12783042,0.007881688
UBS AG,"52/F, TWO INTERNATIONAL FINANCE CENTRE, 8 FINANCE STREET, CENTRAL, HONG KONG.","AESCHENVORSTADT 1, 4002 BASEL, SWITZERLAND.",Licensed Bank,http://apps.hkma.gov.hk/eng/index.php?c=search&m=search_by_institution&ri=100113,22.2854833,114.159233,1,2021,8.48,"1,021,758","1,445,592","968,819","1,372,400",1998,32839,"36,695",24307,30288,8664507.84,12258620.16,8215585.12,11637952,278474.72,311173.6,206123.36,256842.24,0.051811681,0.05063116,0.414808595,0.416570071,0.117421359,0.246060806,-0.249062353
INDUSTRIAL AND COMMERCIAL BANK OF CHINA (ASIA) LIMITED,"33/F, ICBC TOWER, 3 GARDEN ROAD, CENTRAL, HONG KONG.",,Licensed Bank,http://apps.hkma.gov.hk/eng/index.php?c=search&m=search_by_institution&ri=100077,22.2787212,114.160812,1,2021,1,9248200.2,"9,159,600","7,812,577","7,661,999",1964,"118,893","141,353","37,975","39,867",9248200.2,9159600,7812577,7661999,118893,141353,37975,39867,0.155232712,0.163500699,-0.009580264,-0.019273794,0.188909355,0.049822251,0.254183247
"SHANGHAI PUDONG DEVELOPMENT BANK CO., LTD.","30/F, SPD BANK TOWER, ONE HENNESSY, 1 HENNESSY ROAD, HONG KONG","12 ZHONGSHAN EAST NO. 1 ROAD, SHANGHAI, CHINA.",Licensed Bank,http://apps.hkma.gov.hk/eng/index.php?c=search&m=search_by_institution&ri=100306,22.2782366,114.168864,0,2023,1.08,"8,704,651","9,007,247","7,997,876","8,274,363",1993,"188,622","173,434","151,193","121,437",9401023.08,9727826.76,8637706.08,8936312.04,203711.76,187308.72,163288.44,131151.96,0.081195099,0.081366038,0.034762565,0.034570053,-0.08052083,-0.196808053,0.389216917
"WELLS FARGO BANK, NATIONAL ASSOCIATION","2705-2709, 27/F, THREE PACIFIC PLACE, 1 QUEEN'S ROAD EAST, WAN CHAI, HONG KONG","101 N. PHILLIPS AVENUE, SIOUX FALLS, SOUTH DAKOTA 57104, USA",Licensed Bank,,22.2770929,114.168215,0,2023,7.8,"1,894,303","1,885,475","1,711,136","1,700,615",1863,"74,368","82,597","57,205","55,562",14775563.4,14706705,13346860.8,13264797,580070.4,644256.6,446199,433383.6,0.096693612,0.098044259,-0.004660289,-0.006148547,0.110652431,-0.028721266,0.575190817
"BANK OF AMERICA, NATIONAL ASSOCIATION","52/F, CHEUNG KONG CENTER, 2 QUEEN'S ROAD CENTRAL, CENTRAL, HONG KONG.","100 NORTH TRYON STREET, 18/F, CHARLOTTE, NORTH CAROLINA 28255.",Licensed Bank,http://apps.hkma.gov.hk/eng/index.php?c=search&m=search_by_institution&ri=100045,22.2798839,114.160542,0,2023,7.8,3051375,3180151,2778178,2888505,1904,94950,98581,67422,72066,23800725,24805177.8,21669788.4,22530339,740610,768931.8,525891.6,562114.8,0.089532424,0.091708224,0.042202614,0.039711998,0.03824118,0.068879594,-0.036798896
"JPMORGAN CHASE BANK, NATIONAL ASSOCIATION","18/F & 20-29/F, CHATER HOUSE, 8 CONNAUGHT ROAD CENTRAL, HONG KONG","383 MADISON AVENUE, NEW YORK, NY 10179, UNITED STATES.",Licensed Bank,http://apps.hkma.gov.hk/eng/index.php?c=search&m=search_by_institution&ri=100089,22.282276,114.15846,1,2018,7.8,"3,665,743","3,875,393","3,373,411","3,547,515",1799,"128,695","158,104","91,019","108,552",28592795.4,30228065.4,26312605.8,27670617,1003821,1233211.2,709948.2,846705.6,0.079746998,0.084605097,0.05719168,0.051610669,0.228517036,0.19263011,0.315213929
BANK OF CHINA LIMITED,"7/F, BANK OF CHINA TOWER, 1 GARDEN ROAD, CENTRAL, HONG KONG.","1 FUXINGMEN NEI DAJIE, BEIJING 100818, CHINA.",Licensed Bank,http://apps.hkma.gov.hk/eng/index.php?c=search&m=search_by_institution&ri=100011,22.2794281,114.161457,0,2023,1.103509159,28893548,32432166,26330247,29675351,1912,1464159.054,1532332,898384,1074989,31884294.85,35789192.23,29055668.72,32747021.63,1615712.926,1690942.397,991374.9723,1186260.207,0.088715342,0.085002494,0.122470872,0.127044156,0.046561162,0.196580749,-0.191652234
INDUSTRIAL AND COMMERCIAL BANK OF CHINA LIMITED,"33/F., ICBC TOWER, 3 GARDEN ROAD, CENTRAL, HONG KONG.","55 FUXINGMENNEI DAJIE, XICHENG DISTRICT, BEIJING, 100031, CHINA.",Licensed Bank,,22.278741,114.160758,0,2023,1.08,"35,171,400","39,609,700","31,896,125","36,095,831",1984,350200,"361,000","236,227","240,884",37985112,42778476,34447815,38983497.48,378216,389880,255125.16,260154.72,0.093123248,0.088712336,0.126190598,0.13166822,0.03083952,0.019714089,0.05389873
AGRICULTURAL BANK OF CHINA LIMITED,"25/F, AGRICULTURAL BANK OF CHINA TOWER, 50 CONNAUGHT ROAD CENTRAL, HONG KONG.","NO. 69, JIANGUOMEN NEI AVENUE, DONGCHENG DISTRICT, BEIJING, P.R. CHINA",Licensed Bank,http://apps.hkma.gov.hk/eng/index.php?c=search&m=search_by_institution&ri=100235,22.2854193,114.155977,0,2023,1,42921156,36518987,33640826,39802833,1979,748435.26,748634.4,262191.26,271592.94,42921156,36518987,33640826,39802833,748435.26,748634.4,262191.26,271592.94,0.216218081,-0.089921607,-0.14916115,0.183170502,0.000266075,0.035858098,-0.018925766
VP BANK LTD,"8/F, NEW WORLD TOWER II, 16-18 QUEEN'S ROAD CENTRAL, HONG KONG","FL-9490 VADUZ, AEULESTRASSE 6, LIECHTENSTEIN.",Local Representative Office,,22.280591,114.157329,0,2023,8.81,"12,631,061","11,449,893","11,528,936","10,342,741",2006,336.361,364.431,296.201,320.222,111279647.4,100873557.3,101569926.2,91119548.21,2963.34041,3210.63711,2609.53081,2821.15582,0.08725514,0.096695401,-0.093512968,-0.102888506,0.083452005,0.081096958,0.100821713
SHANGHAI COMMERCIAL BANK LIMITED,"SHANGHAI COMMERCIAL BANK TOWER, 12 QUEEN'S ROAD CENTRAL, HONG KONG.",,Licensed Bank,http://apps.hkma.gov.hk/eng/index.php?c=search&m=search_by_institution&ri=100074,22.2806329,114.157535,1,2018,0.24,"1,503,505,612","1,583,903,695","1,333,724,704","1,400,586,651",1950,"28,101,762","28,410,141","8,680,584","9,225,283",360841346.9,380136886.8,320093929,336140796.2,6744422.88,6818433.84,2083340.16,2214067.92,0.112923362,0.115737494,0.05347375,0.050131745,0.010973654,0.062749119,-0.01216816
"HUA NAN COMMERCIAL BANK, LTD.","SUITE 5601-03, 56/F., CENTRAL PLAZA, 18 HARBOUR ROAD, WANCHAI, HONG KONG.","NO. 123, SONGREN ROAD, XINYI DIST., TAIPEI, TAIWAN.",Licensed Bank,http://apps.hkma.gov.hk/eng/index.php?c=search&m=search_by_institution&ri=100213,22.2801579,114.173739,1,2024,240,3024000,3368000,2822000,3158000,1919,"37,744,659","41,300,537","21,237,783","22,445,018",725760000,808320000,677280000,757920000,9058718160,9912128880,5097067920,5386804320,0.066798942,0.062351544,0.113756614,0.119064493,0.094208773,0.056843739,0.142282707